<?xml version="1.0" encoding="UTF-8"?>
<project-private xmlns="http://www.netbeans.org/ns/project-private/1">
    <editor-bookmarks xmlns="http://www.netbeans.org/ns/editor-bookmarks/2" lastBookmarkId="0"/>
    <open-files xmlns="http://www.netbeans.org/ns/projectui-open-files/2">
        <group>
            <file>file:/C:/Users/Stani/Documents/NetBeansProjects/UNIVAQLibrary/src/Control/ProfileController.java</file>
            <file>file:/C:/Users/Stani/Documents/NetBeansProjects/UNIVAQLibrary/src/Control/RegistrationController.java</file>
            <file>file:/C:/Users/Stani/Documents/NetBeansProjects/UNIVAQLibrary/src/Control/LoginController.java</file>
            <file>file:/C:/Users/Stani/Documents/NetBeansProjects/UNIVAQLibrary/src/Model/User.java</file>
            <file>file:/C:/Users/Stani/Documents/NetBeansProjects/UNIVAQLibrary/src/Control/HomepageController.java</file>
            <file>file:/C:/Users/Stani/Documents/NetBeansProjects/UNIVAQLibrary/src/Control/DBConnection.java</file>
        </group>
    </open-files>
</project-private>
